{
	"__comment": "Created by Schmueles for Depixel 32x32 - http://slembas.su/default-32x32",
	"textures": {
		"particle": "block/hopper_outside_arrow",
		"top": "block/hopper_top",
		"side": "block/hopper_outside_arrow",
		"inside": "block/hopper_inside_arrow",
		"back": "block/hopper_outside"
	},
	"elements": [ 	 
		{
			"__comment": "Element",
			"from": [ 0, 10, 0 ],
			"to": [ 16, 11, 16 ],
			"faces": {
				"down": { "uv": [ 0, 0, 16, 16 ], "texture": "#back" },
				"up": { "uv": [ 0, 0, 16, 16 ], "texture": "#inside", "cullface": "up" },
				"north": { "uv": [ 0, 5, 16, 6 ], "texture": "#side", "cullface": "north" },
				"south": { "uv": [ 0, 5, 16, 6 ], "texture": "#side", "cullface": "south" },
				"west": { "uv": [ 0, 5, 16, 6 ], "texture": "#side", "cullface": "west" },
				"east": { "uv": [ 0, 5, 16, 6 ], "texture": "#side", "cullface": "east" }
			}
		},
		{
			"__comment": "Element",
			"from": [ 0, 11, 0 ],
			"to": [ 2, 16, 16 ],
			"faces": {
				"up": { "uv": [ 0, 0, 2, 16 ], "texture": "#top", "cullface": "up" },
				"north": { "uv": [ 14, 0, 16, 5 ], "texture": "#side", "cullface": "north" },
				"south": { "uv": [ 0, 0, 2, 5 ], "texture": "#side", "cullface": "south" },
				"west": { "uv": [ 0, 5, 16, 0 ], "texture": "#side", "cullface": "west", "rotation": 180 },
				"east": { "uv": [ 0, 0, 16, 5 ], "texture": "#back", "cullface": "up" }
			}
		},
		{
			"__comment": "Element",
			"from": [ 14, 11, 0 ],
			"to": [ 16, 16, 16 ],
			"faces": {
				"up": { "uv": [ 14, 0, 16, 16 ], "texture": "#top", "cullface": "up" },
				"north": { "uv": [ 0, 0, 2, 5 ], "texture": "#side", "cullface": "north" },
				"south": { "uv": [ 14, 0, 16, 5 ], "texture": "#side", "cullface": "south" },
				"west": { "uv": [ 0, 0, 16, 5 ], "texture": "#back", "cullface": "up" },
				"east": { "uv": [ 0, 0, 16, 5 ], "texture": "#side", "cullface": "east" }
			}
		},
		{
			"__comment": "Element",
			"from": [ 2, 11, 0 ],
			"to": [ 14, 16, 2 ],
			"faces": {
				"up": { "uv": [ 2, 0, 14, 2 ], "texture": "#top", "cullface": "up" },
				"north": { "uv": [ 2, 0, 14, 5 ], "texture": "#back", "cullface": "north" },
				"south": { "uv": [ 2, 0, 14, 5 ], "texture": "#back", "cullface": "up" }
			}
		},
		{
			"__comment": "Element",
			"from": [ 2, 11, 14 ],
			"to": [ 14, 16, 16 ],
			"faces": {
				"up": { "uv": [ 2, 14, 14, 16 ], "texture": "#top", "cullface": "up" },
				"north": { "uv": [ 2, 0, 14, 5 ], "texture": "#back", "cullface": "up" },
				"south": { "uv": [ 2, 0, 14, 5 ], "texture": "#back", "cullface": "south" }
			}
		},
		{
			"__comment": "Element",
			"from": [ 4, 4, 4 ],
			"to": [ 12, 10, 12 ],
			"faces": {
				"down": { "uv": [ 4, 4, 12, 12 ], "texture": "#back" },
				"north": { "uv": [ 4, 6, 12, 12 ], "texture": "#side" },
				"south": { "uv": [ 4, 6, 12, 12 ], "texture": "#side" },
				"west": { "uv": [ 4, 6, 12, 12 ], "texture": "#side" },
				"east": { "uv": [ 4, 6, 12, 12 ], "texture": "#side" }
			}
		},
		{
			"__comment": "Element",
			"from": [ 6, 4, 0 ],
			"to": [ 10, 8, 4 ],
			"faces": {
				"down": { "uv": [ 6, 12, 10, 16 ], "texture": "#back" },
				"up": { "uv": [ 6, 0, 10, 4 ], "texture": "#side" },
				"north": { "uv": [ 6, 8, 10, 12 ], "texture": "#side", "cullface": "north" },
				"west": { "uv": [ 0, 8, 4, 12 ], "texture": "#side" },
				"east": { "uv": [ 12, 8, 16, 12 ], "texture": "#side" }
			}
		}
	]
}